{
  "models": [
    {
      "model": "allenai/olmOCR-2-7B-1025",
      "model_slug": "allenai_olmocr_2_7b_1025",
      "n_pages": 68,
      "n_eval_pages": 68,
      "n_ok": 68,
      "coverage": 1.0,
      "mean_cer": 0.46821961519150374,
      "mean_wer": 0.4892750773489259,
      "mean_reading_order_f1": 0.3251643915686331,
      "mean_math_symbol_f1": 0.6742656112191417,
      "mean_token_recall": 0.8145707712875044,
      "mean_token_precision": 0.6876000737390834,
      "mean_token_f1": 0.6865672891521303,
      "mean_char_lcs_recall": 0.8495794888900128,
      "strict_accuracy_component": 0.5104838275618363,
      "robust_accuracy_component": 0.665895065741323,
      "strict_accuracy_per_dollar": 23.893686229772165,
      "robust_accuracy_per_dollar": 31.16785861516714,
      "total_cost_usd": 0.0213648,
      "cost_per_eval_page_usd": 0.00031418823529411765,
      "prompt_tokens": 195498,
      "completion_tokens": 19842,
      "cost_efficiency": 0.1900855612970868,
      "strict_balanced_score": 0.4143643476824114,
      "robust_balanced_score": 0.523152214408052
    },
    {
      "model": "PaddlePaddle/PaddleOCR-VL-0.9B",
      "model_slug": "paddlepaddle_paddleocr_vl_0_9b",
      "n_pages": 68,
      "n_eval_pages": 68,
      "n_ok": 68,
      "coverage": 1.0,
      "mean_cer": 0.46343245899228974,
      "mean_wer": 0.47315184955354517,
      "mean_reading_order_f1": 0.3751130720606698,
      "mean_math_symbol_f1": 0.7248296675512573,
      "mean_token_recall": 0.7678484058420224,
      "mean_token_precision": 0.6822756631722197,
      "mean_token_f1": 0.6591219955073699,
      "mean_char_lcs_recall": 0.792417308798619,
      "strict_accuracy_component": 0.540839607766523,
      "robust_accuracy_component": 0.6650521135631422,
      "strict_accuracy_per_dollar": 12.870318378233119,
      "robust_accuracy_per_dollar": 15.826193786031924,
      "total_cost_usd": 0.04202224,
      "cost_per_eval_page_usd": 0.0006179741176470588,
      "prompt_tokens": 197896,
      "completion_tokens": 17896,
      "cost_efficiency": 0.09664263494758966,
      "strict_balanced_score": 0.40758051592084293,
      "robust_balanced_score": 0.4945292699784764
    },
    {
      "model": "deepseek-ai/DeepSeek-OCR",
      "model_slug": "deepseek_ai_deepseek_ocr",
      "n_pages": 68,
      "n_eval_pages": 68,
      "n_ok": 68,
      "coverage": 1.0,
      "mean_cer": 0.5862096698633411,
      "mean_wer": 0.6512230135779189,
      "mean_reading_order_f1": 0.145227920075303,
      "mean_math_symbol_f1": 0.4684333523516966,
      "mean_token_recall": 0.6856917968218752,
      "mean_token_precision": 0.5022718566441831,
      "mean_token_f1": 0.5158988241109471,
      "mean_char_lcs_recall": 0.7235466000216505,
      "strict_accuracy_component": 0.3440571472464349,
      "robust_accuracy_component": 0.5057249173176314,
      "strict_accuracy_per_dollar": 84.71935152357094,
      "robust_accuracy_per_dollar": 124.52782157660936,
      "total_cost_usd": 0.00406114,
      "cost_per_eval_page_usd": 5.9722647058823536e-05,
      "prompt_tokens": 59248,
      "completion_tokens": 22837,
      "cost_efficiency": 1.0,
      "strict_balanced_score": 0.5408400030725043,
      "robust_balanced_score": 0.6540074421223419
    }
  ]
}
